family_id	path_scope	node_label	species	gene_copy_id	path_type	element_path	context_count	path_support
sdic	extant_copy	Dmel:AnxB10_source	Dmel	AnxB10_source	observed	EG_Anx_A	0	1
sdic	extant_copy	Dmel:Sdic_copy1	Dmel	Sdic_copy1	observed	EG_Anx_A>EG_sdic_I>EG_sw_S	0	1
sdic	extant_copy	Dmel:Sdic_copy2	Dmel	Sdic_copy2	observed	EG_Anx_A>EG_sw_S	0	1
sdic	extant_copy	Dmel:sw_source	Dmel	sw_source	observed	EG_sw_S	0	1
sdic	extant_copy	Dsim:AnxB10_source	Dsim	AnxB10_source	observed	EG_Anx_A	0	1
sdic	extant_copy	Dsim:sw_source	Dsim	sw_source	observed	EG_sw_S	0	1
sdic	extant_copy	Dyak:AnxB10_source	Dyak	AnxB10_source	observed	EG_Anx_A	0	1
sdic	extant_copy	Dyak:sw_source	Dyak	sw_source	observed	EG_sw_S	0	1
sdic	family_consensus	sdic	NA	NA	majority_observed_path	EG_Anx_A	NA	3/8
