family_id	layer	site_id	node_id	node_label	state	posterior_probability	model
rpl32_control	exon_presence	EG_0001	root	root	absent	1.3724026e-13	ER
rpl32_control	exon_presence	EG_0001	root	root	present	1	ER
rpl32_control	exon_presence	EG_0001	mel_sim	mel_sim	absent	1.0168383e-19	ER
rpl32_control	exon_presence	EG_0001	mel_sim	mel_sim	present	1	ER
rpl32_control	exon_presence	EG_0001	Drosophila_melanogaster	Drosophila_melanogaster	absent	0	ER
rpl32_control	exon_presence	EG_0001	Drosophila_melanogaster	Drosophila_melanogaster	present	1	ER
rpl32_control	exon_presence	EG_0001	Drosophila_simulans	Drosophila_simulans	absent	0	ER
rpl32_control	exon_presence	EG_0001	Drosophila_simulans	Drosophila_simulans	present	1	ER
rpl32_control	exon_presence	EG_0001	yak_tei_ere	yak_tei_ere	absent	1.0168387e-19	ER
rpl32_control	exon_presence	EG_0001	yak_tei_ere	yak_tei_ere	present	1	ER
rpl32_control	exon_presence	EG_0001	Drosophila_erecta	Drosophila_erecta	absent	0	ER
rpl32_control	exon_presence	EG_0001	Drosophila_erecta	Drosophila_erecta	present	1	ER
rpl32_control	exon_presence	EG_0001	yak_tei	yak_tei	absent	5.0841943e-20	ER
rpl32_control	exon_presence	EG_0001	yak_tei	yak_tei	present	1	ER
rpl32_control	exon_presence	EG_0001	Drosophila_yakuba	Drosophila_yakuba	absent	0	ER
rpl32_control	exon_presence	EG_0001	Drosophila_yakuba	Drosophila_yakuba	present	1	ER
rpl32_control	exon_presence	EG_0001	Drosophila_teissieri	Drosophila_teissieri	absent	0	ER
rpl32_control	exon_presence	EG_0001	Drosophila_teissieri	Drosophila_teissieri	present	1	ER
rpl32_control	exon_presence	EG_0003	root	root	absent	1.3724026e-13	ER
rpl32_control	exon_presence	EG_0003	root	root	present	1	ER
rpl32_control	exon_presence	EG_0003	mel_sim	mel_sim	absent	1.0168383e-19	ER
rpl32_control	exon_presence	EG_0003	mel_sim	mel_sim	present	1	ER
rpl32_control	exon_presence	EG_0003	Drosophila_melanogaster	Drosophila_melanogaster	absent	0	ER
rpl32_control	exon_presence	EG_0003	Drosophila_melanogaster	Drosophila_melanogaster	present	1	ER
rpl32_control	exon_presence	EG_0003	Drosophila_simulans	Drosophila_simulans	absent	0	ER
rpl32_control	exon_presence	EG_0003	Drosophila_simulans	Drosophila_simulans	present	1	ER
rpl32_control	exon_presence	EG_0003	yak_tei_ere	yak_tei_ere	absent	1.0168387e-19	ER
rpl32_control	exon_presence	EG_0003	yak_tei_ere	yak_tei_ere	present	1	ER
rpl32_control	exon_presence	EG_0003	Drosophila_erecta	Drosophila_erecta	absent	0	ER
rpl32_control	exon_presence	EG_0003	Drosophila_erecta	Drosophila_erecta	present	1	ER
rpl32_control	exon_presence	EG_0003	yak_tei	yak_tei	absent	5.0841943e-20	ER
rpl32_control	exon_presence	EG_0003	yak_tei	yak_tei	present	1	ER
rpl32_control	exon_presence	EG_0003	Drosophila_yakuba	Drosophila_yakuba	absent	0	ER
rpl32_control	exon_presence	EG_0003	Drosophila_yakuba	Drosophila_yakuba	present	1	ER
rpl32_control	exon_presence	EG_0003	Drosophila_teissieri	Drosophila_teissieri	absent	0	ER
rpl32_control	exon_presence	EG_0003	Drosophila_teissieri	Drosophila_teissieri	present	1	ER
rpl32_control	exon_role	EG_0001	root	root	not_exonic	1.3724026e-13	ER
rpl32_control	exon_role	EG_0001	root	root	exonic	1	ER
rpl32_control	exon_role	EG_0001	mel_sim	mel_sim	not_exonic	1.0168383e-19	ER
rpl32_control	exon_role	EG_0001	mel_sim	mel_sim	exonic	1	ER
rpl32_control	exon_role	EG_0001	Drosophila_melanogaster	Drosophila_melanogaster	not_exonic	0	ER
rpl32_control	exon_role	EG_0001	Drosophila_melanogaster	Drosophila_melanogaster	exonic	1	ER
rpl32_control	exon_role	EG_0001	Drosophila_simulans	Drosophila_simulans	not_exonic	0	ER
rpl32_control	exon_role	EG_0001	Drosophila_simulans	Drosophila_simulans	exonic	1	ER
rpl32_control	exon_role	EG_0001	yak_tei_ere	yak_tei_ere	not_exonic	1.0168387e-19	ER
rpl32_control	exon_role	EG_0001	yak_tei_ere	yak_tei_ere	exonic	1	ER
rpl32_control	exon_role	EG_0001	Drosophila_erecta	Drosophila_erecta	not_exonic	0	ER
rpl32_control	exon_role	EG_0001	Drosophila_erecta	Drosophila_erecta	exonic	1	ER
rpl32_control	exon_role	EG_0001	yak_tei	yak_tei	not_exonic	5.0841943e-20	ER
rpl32_control	exon_role	EG_0001	yak_tei	yak_tei	exonic	1	ER
rpl32_control	exon_role	EG_0001	Drosophila_yakuba	Drosophila_yakuba	not_exonic	0	ER
rpl32_control	exon_role	EG_0001	Drosophila_yakuba	Drosophila_yakuba	exonic	1	ER
rpl32_control	exon_role	EG_0001	Drosophila_teissieri	Drosophila_teissieri	not_exonic	0	ER
rpl32_control	exon_role	EG_0001	Drosophila_teissieri	Drosophila_teissieri	exonic	1	ER
rpl32_control	exon_role	EG_0003	root	root	not_exonic	1.3724026e-13	ER
rpl32_control	exon_role	EG_0003	root	root	exonic	1	ER
rpl32_control	exon_role	EG_0003	mel_sim	mel_sim	not_exonic	1.0168383e-19	ER
rpl32_control	exon_role	EG_0003	mel_sim	mel_sim	exonic	1	ER
rpl32_control	exon_role	EG_0003	Drosophila_melanogaster	Drosophila_melanogaster	not_exonic	0	ER
rpl32_control	exon_role	EG_0003	Drosophila_melanogaster	Drosophila_melanogaster	exonic	1	ER
rpl32_control	exon_role	EG_0003	Drosophila_simulans	Drosophila_simulans	not_exonic	0	ER
rpl32_control	exon_role	EG_0003	Drosophila_simulans	Drosophila_simulans	exonic	1	ER
rpl32_control	exon_role	EG_0003	yak_tei_ere	yak_tei_ere	not_exonic	1.0168387e-19	ER
rpl32_control	exon_role	EG_0003	yak_tei_ere	yak_tei_ere	exonic	1	ER
rpl32_control	exon_role	EG_0003	Drosophila_erecta	Drosophila_erecta	not_exonic	0	ER
rpl32_control	exon_role	EG_0003	Drosophila_erecta	Drosophila_erecta	exonic	1	ER
rpl32_control	exon_role	EG_0003	yak_tei	yak_tei	not_exonic	5.0841943e-20	ER
rpl32_control	exon_role	EG_0003	yak_tei	yak_tei	exonic	1	ER
rpl32_control	exon_role	EG_0003	Drosophila_yakuba	Drosophila_yakuba	not_exonic	0	ER
rpl32_control	exon_role	EG_0003	Drosophila_yakuba	Drosophila_yakuba	exonic	1	ER
rpl32_control	exon_role	EG_0003	Drosophila_teissieri	Drosophila_teissieri	not_exonic	0	ER
rpl32_control	exon_role	EG_0003	Drosophila_teissieri	Drosophila_teissieri	exonic	1	ER
rpl32_control	splice_junction	JG_EG_0001__EG_0003	root	root	absent	4.1924724e-13	ER
rpl32_control	splice_junction	JG_EG_0001__EG_0003	root	root	present	1	ER
rpl32_control	splice_junction	JG_EG_0001__EG_0003	mel_sim	mel_sim	absent	5.4291847e-19	ER
rpl32_control	splice_junction	JG_EG_0001__EG_0003	mel_sim	mel_sim	present	1	ER
rpl32_control	splice_junction	JG_EG_0001__EG_0003	Drosophila_melanogaster	Drosophila_melanogaster	absent	0	ER
rpl32_control	splice_junction	JG_EG_0001__EG_0003	Drosophila_melanogaster	Drosophila_melanogaster	present	1	ER
rpl32_control	splice_junction	JG_EG_0001__EG_0003	Drosophila_simulans	Drosophila_simulans	absent	0	ER
rpl32_control	splice_junction	JG_EG_0001__EG_0003	Drosophila_simulans	Drosophila_simulans	present	1	ER
rpl32_control	splice_junction	JG_EG_0001__EG_0003	yak_tei_ere	yak_tei_ere	absent	5.4291882e-19	ER
rpl32_control	splice_junction	JG_EG_0001__EG_0003	yak_tei_ere	yak_tei_ere	present	1	ER
rpl32_control	splice_junction	JG_EG_0001__EG_0003	Drosophila_erecta	Drosophila_erecta	absent	0	ER
rpl32_control	splice_junction	JG_EG_0001__EG_0003	Drosophila_erecta	Drosophila_erecta	present	1	ER
rpl32_control	splice_junction	JG_EG_0001__EG_0003	yak_tei	yak_tei	absent	2.714595e-19	ER
rpl32_control	splice_junction	JG_EG_0001__EG_0003	yak_tei	yak_tei	present	1	ER
rpl32_control	splice_junction	JG_EG_0001__EG_0003	Drosophila_yakuba	Drosophila_yakuba	absent	0	ER
rpl32_control	splice_junction	JG_EG_0001__EG_0003	Drosophila_yakuba	Drosophila_yakuba	present	1	ER
rpl32_control	splice_junction	JG_EG_0001__EG_0003	Drosophila_teissieri	Drosophila_teissieri	absent	0	ER
rpl32_control	splice_junction	JG_EG_0001__EG_0003	Drosophila_teissieri	Drosophila_teissieri	present	1	ER
